Site ID,Start date,End date
B03,2011-12-30,2012-01-09
B03,2012-02-28,2012-04-18
B03,2012-08-04,2012-10-04
B03,2013-02-08,2013-04-08
B04,2010-07-18,2010-08-24
B04,2011-02-22,2011-07-23
B04,2011-08-30,2012-10-03
B04,2012-10-20,2013-04-08
B05,2010-07-20,2010-10-16
B05,2011-02-22,2011-04-15
B05,2011-05-02,2011-07-23
B05,2011-08-30,2012-08-21
B05,2012-12-08,2013-01-21
B05,2013-02-08,2013-04-08
B06,2010-07-20,2010-09-03
B06,2011-02-12,2011-04-18
B06,2011-05-13,2011-05-16
B06,2011-10-24,2012-03-02
B06,2012-03-05,2013-02-07
B06,2013-02-08,2013-04-08
B07,2010-09-07,2010-10-16
B07,2011-02-12,2011-05-14
B07,2011-10-24,2011-11-29
B07,2011-12-29,2012-12-02
B07,2012-12-08,2013-04-08
B08,2011-02-12,2011-04-01
B08,2011-10-24,2011-12-24
B08,2011-12-29,2012-01-31
B08,2012-02-06,2012-05-08
B08,2012-05-20,2012-06-22
B08,2012-08-04,2012-09-06
B08,2012-10-03,2012-11-03
B08,2012-12-08,2012-12-21
B08,2013-02-08,2013-04-11
B09,2012-02-07,2012-08-03
B09,2012-08-04,2013-01-24
B09,2013-02-10,2013-04-11
B10,2012-02-07,2012-11-16
B10,2012-12-08,2013-03-16
B12,2012-02-07,2012-03-29
B12,2012-05-21,2012-07-31
B12,2012-08-02,2012-08-15
B12,2012-10-06,2012-11-08
B12,2012-12-11,2013-04-11
B13,2012-02-07,2012-07-28
B13,2012-08-02,2012-09-19
B13,2012-10-06,2013-04-11
C01,2012-03-05,2012-03-25
C01,2012-07-21,2012-08-28
C01,2012-09-13,2013-01-26
C01,2013-01-29,2013-04-06
C02,2011-11-01,2011-12-31
C02,2012-02-22,2012-06-16
C02,2012-07-21,2013-04-06
C03,2010-07-17,2010-08-11
C03,2010-08-21,2010-09-26
C03,2011-02-23,2011-04-12
C03,2011-05-02,2011-07-23
C03,2011-08-30,2011-12-11
C03,2011-12-30,2012-03-09
C03,2012-07-21,2012-10-02
C03,2012-11-19,2012-12-05
C03,2013-01-29,2013-03-14
C04,2010-07-18,2010-09-20
C04,2011-02-23,2011-04-18
C04,2011-05-02,2011-07-23
C04,2011-08-30,2011-10-16
C04,2011-10-29,2011-11-24
C04,2011-12-30,2011-12-30
C04,2012-02-28,2012-04-29
C04,2012-07-21,2012-08-30
C04,2012-09-13,2013-04-11
C05,2010-07-20,2010-10-16
C05,2011-02-25,2011-04-18
C05,2011-05-02,2011-07-23
C05,2011-08-30,2011-12-30
C05,2012-02-28,2012-04-29
C05,2012-07-21,2012-08-07
C05,2012-09-13,2013-01-25
C05,2013-01-29,2013-04-24
C06,2010-07-20,2010-08-08
C06,2010-08-24,2010-10-06
C06,2010-10-16,2010-11-04
C06,2011-02-25,2011-04-27
C06,2011-05-02,2011-05-28
C06,2011-10-24,2012-06-30
C06,2012-07-21,2012-11-02
C06,2012-11-19,2013-04-01
C07,2010-07-20,2010-07-25
C07,2010-10-16,2010-10-17
C07,2011-02-12,2011-03-31
C07,2011-04-01,2011-05-10
C07,2011-05-13,2011-07-07
C07,2011-10-24,2012-03-03
C07,2013-01-29,2013-02-19
C08,2011-03-03,2011-07-19
C08,2011-10-24,2012-05-17
C08,2012-05-20,2012-07-30
C08,2012-08-04,2012-12-08
C08,2013-01-29,2013-04-11
C09,2011-03-03,2011-07-27
C09,2011-10-24,2013-01-27
C09,2013-02-10,2013-04-11
C10,2011-02-14,2011-07-27
C10,2011-10-24,2012-03-05
C10,2012-03-29,2013-03-02
C11,2011-02-14,2011-03-03
C11,2011-03-04,2011-06-21
C11,2011-10-24,2011-11-02
C11,2012-08-04,2012-08-11
C11,2012-10-03,2012-10-09
C11,2012-12-08,2012-12-08
C12,2012-02-07,2012-05-13
C12,2012-05-21,2012-06-26
C12,2012-08-02,2013-02-10
C13,2012-02-07,2013-04-11
D02,2010-08-31,2010-10-13
D02,2011-02-24,2011-04-27
D02,2011-05-02,2011-06-11
D02,2011-07-06,2011-07-28
D02,2011-10-29,2012-04-08
D02,2012-05-11,2013-04-06
D03,2010-07-17,2010-08-07
D03,2010-08-11,2010-09-17
D03,2011-02-11,2011-07-21
D03,2011-08-30,2012-02-04
D03,2012-03-05,2013-04-11
D04,2010-07-18,2010-10-16
D04,2011-02-11,2011-04-28
D04,2011-05-10,2011-06-01
D04,2011-07-06,2011-07-23
D04,2011-08-30,2011-09-09
D04,2012-02-28,2012-07-04
D04,2012-07-21,2013-02-13
D05,2010-07-20,2010-10-16
D05,2011-02-11,2011-07-23
D05,2011-08-30,2011-10-28
D05,2012-03-05,2012-04-20
D05,2012-04-29,2012-06-08
D05,2012-07-21,2012-07-21
D05,2012-11-19,2012-11-19
D05,2013-02-02,2013-03-04
D06,2010-07-20,2010-08-07
D06,2010-08-08,2010-08-19
D06,2010-08-24,2010-08-31
D06,2011-03-03,2011-05-09
D06,2011-05-10,2011-07-04
D06,2011-10-24,2012-04-09
D06,2012-04-27,2013-04-11
D07,2010-07-23,2010-08-19
D07,2011-02-11,2011-03-05
D07,2011-10-24,2011-12-19
D07,2011-12-29,2012-05-24
D07,2012-07-21,2012-09-13
D07,2012-10-01,2012-11-13
D07,2013-01-29,2013-01-29
D08,2010-07-23,2010-08-10
D08,2011-02-12,2011-05-10
D08,2011-05-13,2011-05-26
D08,2011-11-01,2011-11-15
D08,2012-02-07,2012-03-09
D08,2012-04-27,2012-05-13
D08,2013-01-30,2013-02-20
D09,2010-07-23,2010-08-10
D09,2011-02-12,2011-07-27
D09,2011-10-24,2012-04-27
D09,2012-07-20,2013-01-30
D10,2011-02-14,2011-05-01
D10,2011-05-26,2011-06-17
D10,2011-10-24,2012-01-05
D10,2012-05-20,2012-07-10
D10,2012-08-04,2012-08-08
D10,2012-10-03,2012-10-18
D10,2013-01-30,2013-02-27
D11,2010-09-08,2010-11-03
D11,2011-03-03,2011-04-17
D11,2011-10-24,2011-12-26
D11,2011-12-29,2013-04-13
D12,2010-09-09,2010-11-03
D12,2011-02-14,2011-04-05
D12,2011-05-18,2011-07-27
D12,2012-02-07,2012-05-02
D12,2012-08-02,2012-08-28
D12,2012-12-11,2013-03-06
D13,2010-09-09,2010-11-01
D13,2011-02-14,2011-07-27
D13,2011-10-24,2011-10-26
D13,2011-12-29,2011-12-29
D13,2012-02-07,2012-04-22
D13,2012-05-20,2012-08-01
D13,2012-10-05,2012-12-10
D13,2012-12-11,2013-02-04
D13,2013-02-10,2013-02-21
E01,2010-08-31,2010-09-07
E01,2011-02-24,2011-04-09
E01,2011-05-10,2011-07-28
E01,2011-12-31,2012-03-01
E01,2012-03-05,2012-05-01
E01,2012-05-11,2012-05-17
E01,2012-07-21,2013-01-29
E02,2010-07-18,2010-07-18
E02,2010-08-11,2010-09-03
E02,2010-10-13,2010-11-02
E02,2011-02-09,2011-03-19
E02,2011-05-10,2011-07-28
E02,2011-10-29,2012-02-25
E02,2012-05-11,2012-06-21
E02,2013-01-29,2013-03-21
E03,2010-07-20,2010-08-07
E03,2010-08-09,2010-08-10
E03,2010-08-14,2010-08-16
E03,2010-09-20,2010-11-02
E03,2011-02-11,2011-06-11
E03,2011-08-30,2011-10-29
E03,2011-12-30,2012-02-17
E03,2012-03-06,2012-05-10
E03,2012-05-11,2012-06-07
E03,2012-07-21,2012-10-27
E03,2013-02-10,2013-04-06
E04,2010-07-20,2010-08-19
E04,2010-09-01,2010-09-12
E04,2011-04-12,2011-07-21
E04,2011-08-30,2012-02-05
E04,2012-03-06,2012-04-27
E04,2012-05-21,2013-01-17
E04,2013-02-10,2013-02-14
E05,2010-07-20,2010-07-24
E05,2010-08-06,2010-11-02
E05,2011-03-02,2011-05-05
E05,2011-06-14,2011-07-05
E05,2011-08-30,2013-04-13
E06,2010-07-21,2010-11-04
E06,2011-03-03,2011-07-18
E06,2012-02-07,2012-04-28
E06,2013-01-22,2013-01-22
E07,2010-09-18,2010-09-30
E07,2011-03-04,2011-04-01
E08,2010-07-23,2010-07-29
E08,2010-08-08,2010-11-01
E08,2011-03-04,2011-04-28
E08,2011-05-13,2011-07-27
E08,2011-10-24,2011-12-28
E08,2011-12-29,2012-05-15
E08,2012-05-21,2012-07-26
E08,2012-10-01,2012-10-01
E08,2013-01-22,2013-01-24
E09,2010-07-23,2010-11-01
E09,2011-03-04,2011-06-19
E09,2011-10-24,2011-12-29
E09,2012-05-21,2012-08-23
E09,2012-09-12,2012-12-03
E09,2013-01-22,2013-04-14
E10,2010-09-08,2010-10-13
E10,2011-02-14,2011-05-07
E10,2011-05-26,2011-05-31
E10,2011-10-24,2011-12-20
E10,2011-12-29,2012-04-19
E10,2012-05-21,2012-06-11
E10,2012-08-04,2012-08-07
E10,2012-12-08,2012-12-13
E10,2013-01-30,2013-04-14
E11,2010-09-08,2010-09-24
E11,2011-03-04,2011-06-04
E11,2011-10-24,2011-11-08
E11,2011-12-29,2012-04-14
E11,2012-05-21,2012-06-19
E11,2012-10-06,2012-10-24
E11,2012-12-08,2013-01-17
E11,2013-02-10,2013-02-25
E12,2010-09-09,2010-11-03
E12,2011-03-04,2011-07-27
E12,2011-10-24,2011-12-29
E12,2012-05-21,2012-07-21
E12,2012-08-02,2012-09-04
E12,2012-10-06,2012-12-11
E12,2013-02-10,2013-03-01
E13,2010-09-09,2010-11-03
E13,2011-03-03,2011-05-18
E13,2011-10-24,2011-12-16
E13,2011-12-29,2012-12-04
E13,2012-12-11,2013-04-13
F01,2011-02-27,2011-08-02
F01,2011-10-29,2012-06-02
F01,2012-07-26,2012-08-27
F01,2012-09-27,2013-01-30
F01,2013-02-02,2013-04-06
F02,2010-07-18,2010-09-25
F02,2010-10-17,2010-11-06
F02,2011-02-27,2011-06-25
F02,2011-10-29,2012-02-17
F02,2012-03-08,2012-05-10
F02,2012-05-11,2013-04-06
F03,2010-07-18,2010-08-09
F03,2010-10-17,2010-11-02
F03,2011-02-11,2011-04-25
F03,2011-06-18,2011-06-20
F03,2011-10-29,2012-12-29
F03,2013-02-02,2013-03-07
F04,2010-07-21,2010-09-10
F04,2011-02-10,2011-03-29
F04,2011-09-15,2011-11-11
F04,2012-01-06,2012-01-28
F04,2012-03-09,2012-04-26
F04,2012-06-03,2013-01-18
F05,2010-07-16,2010-08-06
F05,2010-09-04,2010-10-26
F05,2011-03-29,2011-08-05
F05,2011-09-15,2012-07-20
F05,2012-07-21,2012-08-23
F05,2012-09-12,2013-01-21
F05,2013-01-22,2013-02-08
F05,2013-03-01,2013-03-03
F06,2010-07-20,2010-08-26
F06,2011-02-11,2011-03-09
F06,2011-04-25,2011-07-15
F06,2011-09-15,2012-01-06
F06,2012-03-13,2012-04-27
F06,2013-01-22,2013-04-23
F07,2011-03-04,2011-06-14
F07,2011-09-09,2012-04-27
F07,2013-01-22,2013-04-19
F08,2010-07-23,2010-08-16
F08,2010-08-30,2010-09-28
F08,2011-02-12,2011-04-25
F08,2011-05-17,2011-08-01
F08,2011-09-09,2012-01-10
F08,2012-02-14,2013-01-28
F09,2010-07-23,2010-08-17
F09,2010-08-30,2010-11-05
F09,2011-03-04,2011-04-17
F09,2011-05-17,2011-07-08
F09,2011-09-09,2011-11-03
F09,2012-01-11,2012-03-11
F09,2012-12-15,2013-04-14
F10,2010-09-18,2010-11-05
F10,2011-02-14,2011-03-19
F10,2011-09-09,2012-01-06
F10,2012-01-16,2012-03-09
F10,2013-01-30,2013-03-23
F11,2010-09-08,2010-11-05
F11,2011-02-14,2011-02-19
F11,2011-03-04,2011-07-03
F11,2011-09-09,2011-11-05
F12,2010-09-08,2010-11-03
F12,2011-03-04,2011-04-20
F12,2011-09-09,2012-01-09
F12,2012-01-16,2012-05-08
F12,2012-12-11,2013-01-03
F13,2011-06-15,2011-08-01
F13,2011-09-09,2011-12-22
F13,2012-01-16,2012-05-21
G01,2010-08-31,2010-11-06
G01,2011-02-09,2011-08-02
G01,2011-10-29,2012-03-09
G01,2012-05-11,2012-11-03
G01,2012-11-22,2013-04-06
G02,2010-07-18,2010-11-06
G02,2011-02-09,2011-08-02
G02,2011-10-29,2011-12-05
G02,2011-12-31,2012-05-04
G02,2012-05-11,2012-07-26
G02,2012-07-30,2012-11-21
G02,2012-11-22,2013-02-22
G03,2010-07-18,2010-08-05
G03,2010-08-21,2010-08-31
G03,2010-10-16,2010-10-28
G03,2011-02-27,2011-08-02
G03,2012-03-09,2012-08-30
G03,2012-09-27,2012-11-21
G03,2012-11-22,2013-02-08
G04,2010-07-21,2010-09-04
G04,2011-02-11,2011-02-12
G04,2011-03-01,2011-06-18
G04,2011-09-15,2012-03-16
G04,2012-06-01,2013-04-26
G05,2010-07-16,2010-08-22
G05,2011-03-02,2011-07-04
G05,2011-09-15,2012-10-04
G05,2013-01-22,2013-04-26
G06,2010-07-21,2010-11-02
G06,2011-02-11,2011-08-05
G06,2011-09-15,2011-11-03
G06,2011-11-04,2012-01-06
G06,2012-03-13,2012-11-17
G06,2013-01-22,2013-01-22
G07,2010-07-16,2010-08-06
G07,2010-09-06,2010-11-02
G07,2011-03-05,2011-06-07
G07,2011-09-15,2012-01-06
G07,2012-05-23,2012-06-13
G07,2012-08-11,2012-10-14
G07,2012-11-18,2013-04-26
G08,2010-09-06,2010-09-23
G08,2011-02-14,2011-03-06
G08,2011-09-09,2011-09-21
G08,2011-11-04,2011-11-07
G08,2012-03-13,2012-03-15
G09,2010-08-30,2010-11-05
G09,2011-02-12,2011-04-12
G09,2011-05-17,2011-06-16
G09,2011-09-09,2011-11-04
G09,2013-02-01,2013-02-01
G10,2010-09-08,2010-11-05
G10,2011-03-05,2011-05-26
G10,2011-09-09,2011-11-05
G10,2013-01-30,2013-04-14
G11,2010-09-18,2010-10-08
G11,2011-02-14,2011-04-15
G11,2011-09-09,2011-11-05
G11,2012-01-11,2012-03-15
G12,2010-09-08,2010-09-23
G12,2011-03-04,2011-07-22
G12,2011-09-09,2011-10-19
G12,2012-01-16,2012-01-19
G12,2012-05-21,2013-02-10
G13,2010-09-17,2010-11-03
G13,2011-02-14,2011-05-14
G13,2011-09-09,2011-10-24
G13,2012-01-16,2012-03-11
G13,2012-03-16,2012-04-16
G13,2012-08-02,2012-08-23
G13,2012-10-05,2012-11-10
G13,2012-12-11,2012-12-11
H01,2010-08-31,2010-10-13
H01,2011-02-09,2011-03-13
H01,2011-10-29,2011-11-27
H01,2011-12-31,2012-02-12
H01,2012-02-28,2012-06-27
H01,2012-07-30,2013-03-18
H02,2010-08-31,2010-11-06
H02,2011-02-26,2011-05-21
H02,2011-06-18,2011-08-02
H02,2011-10-29,2012-07-05
H02,2012-07-30,2013-01-14
H02,2013-02-02,2013-03-27
H03,2010-08-31,2010-11-02
H03,2011-02-27,2011-07-09
H03,2011-10-29,2012-02-05
H03,2012-03-09,2012-07-15
H03,2012-07-30,2013-01-23
H03,2013-02-02,2013-03-23
H04,2010-07-29,2010-08-21
H04,2011-02-07,2011-02-26
H04,2011-03-02,2011-07-26
H04,2011-10-29,2013-04-24
H05,2010-07-16,2010-08-06
H05,2010-09-04,2010-11-02
H05,2011-03-02,2011-06-27
H05,2011-09-06,2012-02-04
H05,2012-02-12,2012-05-28
H05,2012-07-21,2012-12-19
H05,2013-01-22,2013-02-18
H05,2013-03-01,2013-04-26
H06,2010-07-21,2010-11-02
H06,2011-03-02,2011-07-29
H06,2011-11-07,2011-12-11
H06,2012-01-06,2012-08-10
H06,2012-09-12,2012-11-26
H06,2013-01-22,2013-04-26
H07,2010-07-16,2010-11-02
H07,2011-02-16,2011-03-03
H07,2011-03-07,2011-04-02
H07,2011-05-19,2011-07-25
H07,2011-09-15,2012-02-01
H07,2012-03-12,2012-05-01
H07,2012-05-23,2012-12-06
H07,2012-12-15,2013-01-06
H07,2013-02-23,2013-04-16
H08,2010-08-30,2010-11-02
H08,2011-03-05,2011-08-04
H08,2011-09-15,2011-10-16
H08,2011-11-07,2011-11-10
H08,2012-05-29,2012-06-20
H08,2012-08-09,2013-02-19
H08,2013-02-23,2013-04-08
H09,2010-09-17,2010-11-05
H09,2011-02-14,2011-03-20
H09,2011-09-15,2012-01-03
H09,2012-01-13,2012-05-12
H09,2012-05-29,2012-07-04
H09,2012-08-13,2013-02-19
H09,2013-02-23,2013-04-14
H10,2010-09-18,2010-09-25
H10,2011-02-11,2011-02-25
H10,2011-09-09,2012-01-02
H10,2013-02-01,2013-02-12
H11,2010-09-08,2010-10-25
H11,2011-03-04,2011-07-03
H11,2011-09-09,2011-11-05
H11,2012-03-13,2012-05-26
H11,2012-05-29,2013-04-14
H12,2011-03-04,2011-08-01
H12,2011-09-09,2011-12-24
H13,2010-09-17,2010-11-02
H13,2011-09-09,2012-01-16
I01,2012-02-23,2012-07-30
I01,2012-09-27,2013-04-06
I02,2010-09-02,2010-10-24
I02,2011-02-27,2011-04-12
I02,2011-09-25,2012-06-26
I02,2012-07-30,2012-11-22
I02,2013-02-02,2013-04-06
I03,2010-09-02,2010-10-15
I03,2011-02-09,2011-02-27
I03,2011-04-25,2011-07-09
I03,2011-09-25,2012-06-08
I03,2012-07-30,2012-11-22
I03,2013-02-02,2013-04-09
I04,2010-07-29,2010-08-28
I04,2011-03-02,2011-06-09
I04,2011-09-06,2013-04-24
I05,2010-07-16,2010-08-06
I05,2010-09-04,2010-11-02
I05,2011-03-02,2011-06-19
I05,2011-09-06,2011-12-19
I05,2012-05-23,2012-07-06
I05,2012-08-09,2012-08-23
I05,2012-10-14,2012-10-19
I05,2012-11-23,2012-12-05
I05,2013-02-07,2013-04-16
I06,2010-07-16,2010-10-17
I06,2011-02-16,2011-03-13
I06,2011-03-26,2011-04-09
I06,2011-09-06,2011-11-01
I06,2011-11-02,2011-12-28
I06,2012-01-01,2012-06-01
I06,2012-08-09,2013-01-07
I06,2013-02-07,2013-04-26
I07,2010-09-06,2010-11-02
I07,2011-02-16,2011-07-14
I07,2011-09-15,2011-11-01
I07,2011-11-02,2012-04-18
I07,2012-05-23,2012-06-03
I07,2012-08-09,2012-08-09
I07,2012-10-14,2012-10-14
I07,2013-02-23,2013-02-26
I08,2010-09-06,2010-09-20
I08,2011-03-08,2011-08-07
I08,2011-09-15,2012-12-27
I09,2010-08-30,2010-10-12
I09,2011-02-14,2011-06-14
I09,2011-09-15,2012-01-13
I10,2011-02-14,2011-02-15
I10,2011-03-05,2011-07-04
I10,2011-09-09,2011-12-16
I10,2012-03-13,2012-04-14
I10,2012-05-21,2012-06-11
I10,2012-08-05,2012-08-14
I11,2010-09-17,2010-09-18
I11,2011-03-04,2011-07-02
I11,2011-09-09,2012-01-16
I11,2012-03-13,2012-05-21
I11,2012-05-29,2012-12-09
I11,2012-12-11,2013-02-01
I12,2010-09-08,2010-09-19
I12,2011-02-14,2011-02-15
I12,2011-03-03,2011-06-19
I12,2011-09-09,2011-10-23
I12,2011-11-05,2011-12-21
I12,2012-01-16,2012-06-08
I12,2012-08-02,2012-10-05
I12,2012-10-06,2012-11-23
I12,2012-12-11,2013-01-31
I12,2013-02-01,2013-04-13
I13,2010-09-08,2010-11-03
I13,2011-02-14,2011-04-02
I13,2011-09-09,2011-12-03
I13,2011-12-08,2012-07-09
I13,2012-08-02,2012-10-02
I13,2012-10-06,2012-11-16
I13,2012-12-11,2012-12-19
I13,2013-02-11,2013-02-11
J01,2012-02-23,2012-07-24
J01,2012-07-30,2013-02-07
J02,2011-11-19,2011-12-26
J02,2012-01-01,2012-02-23
J02,2012-05-01,2012-07-11
J02,2012-07-30,2013-04-09
J03,2010-09-02,2010-11-06
J03,2011-02-09,2011-07-11
J03,2011-09-25,2011-11-01
J03,2011-11-02,2012-04-29
J03,2012-05-01,2012-07-29
J03,2012-07-30,2013-01-23
J04,2010-07-29,2010-10-05
J04,2011-02-10,2011-06-04
J04,2011-09-06,2012-01-01
J04,2012-03-14,2012-05-27
J04,2012-05-31,2013-02-07
J05,2010-07-29,2010-11-02
J05,2011-03-02,2011-05-21
J05,2011-05-26,2011-07-07
J05,2011-09-06,2011-10-25
J05,2012-01-01,2012-05-29
J05,2012-05-31,2013-04-24
J06,2010-08-08,2010-11-02
J06,2011-03-02,2011-03-24
J06,2011-04-15,2011-05-24
J06,2011-05-26,2011-07-31
J06,2011-09-06,2012-05-21
J06,2012-05-23,2013-01-21
J06,2013-02-07,2013-04-24
J07,2010-09-06,2010-11-02
J07,2011-03-07,2011-08-05
J07,2011-09-15,2012-03-05
J07,2012-03-22,2012-05-13
J07,2012-05-23,2012-06-11
J07,2012-08-09,2012-10-19
J07,2012-10-21,2013-03-02
J08,2010-09-06,2010-11-02
J08,2011-02-16,2011-08-07
J08,2011-09-15,2011-11-07
J08,2011-11-12,2012-03-24
J08,2012-06-11,2013-04-08
J09,2010-09-04,2010-10-18
J09,2011-02-18,2011-03-10
J09,2011-09-15,2012-01-09
J09,2012-01-13,2012-04-08
J09,2012-06-11,2012-06-15
J09,2012-08-13,2012-10-27
J09,2012-12-15,2013-04-14
J10,2010-09-09,2010-11-05
J10,2011-03-05,2011-05-03
J10,2011-05-17,2011-06-12
J10,2011-09-15,2012-04-30
J10,2012-05-29,2012-06-09
J10,2013-02-23,2013-03-01
J11,2010-09-09,2010-10-12
J11,2011-05-18,2011-07-24
J11,2011-09-17,2012-02-17
J12,2010-09-09,2010-10-19
J12,2011-03-02,2011-04-17
J12,2011-05-18,2011-06-16
J12,2011-09-09,2013-02-15
J13,2010-09-09,2010-09-19
J13,2011-03-03,2011-08-01
J13,2011-09-09,2011-12-10
J13,2012-01-16,2012-03-16
J13,2013-02-01,2013-03-20
K02,2012-05-01,2013-04-09
K03,2010-09-02,2010-11-07
K03,2011-02-23,2011-07-26
K03,2011-09-03,2012-01-01
K03,2012-03-19,2012-05-25
K03,2012-05-26,2012-06-23
K03,2012-08-11,2012-08-27
K03,2012-10-20,2012-10-23
K03,2012-12-19,2013-04-07
K04,2010-07-28,2010-08-27
K04,2011-02-09,2011-04-16
K04,2011-09-06,2012-01-01
K04,2012-03-19,2012-07-07
K04,2012-08-16,2013-04-09
K05,2010-09-02,2010-09-04
K05,2011-02-10,2011-07-29
K05,2011-09-06,2012-01-01
K06,2010-07-29,2010-08-03
K06,2011-02-10,2011-07-31
K06,2011-09-06,2012-03-14
K07,2010-09-04,2010-11-02
K07,2011-03-07,2011-06-14
K07,2011-06-16,2011-08-05
K07,2011-09-15,2012-06-13
K07,2012-08-13,2012-12-14
K08,2010-09-04,2010-11-02
K08,2011-02-16,2011-03-08
K08,2011-11-02,2011-12-30
K08,2012-03-24,2012-04-30
K08,2012-05-31,2012-08-20
K08,2012-10-14,2012-12-10
K08,2012-12-15,2013-04-24
K09,2010-09-04,2010-11-05
K09,2011-02-18,2011-03-10
K09,2012-03-02,2012-03-24
K09,2013-02-02,2013-02-06
K10,2010-09-19,2010-10-18
K10,2011-09-15,2011-11-07
K10,2012-01-13,2012-05-26
K10,2012-06-11,2012-08-01
K10,2012-08-13,2013-01-27
K10,2013-02-23,2013-03-04
K11,2010-09-09,2010-09-27
K11,2011-02-18,2011-05-17
K11,2011-09-17,2011-12-31
K11,2012-01-13,2012-01-25
K11,2012-03-24,2012-04-27
K12,2010-09-19,2010-09-25
K12,2011-09-17,2012-02-29
K12,2012-03-24,2012-05-21
K12,2012-05-29,2012-08-07
K12,2012-08-13,2013-01-01
K12,2013-02-28,2013-02-28
K13,2010-09-19,2010-09-24
K13,2011-02-18,2011-03-10
L01,2012-02-23,2013-01-25
L02,2012-05-01,2012-05-26
L02,2012-07-30,2013-01-28
L02,2013-02-07,2013-04-09
L03,2010-09-11,2010-11-07
L03,2011-02-08,2011-07-26
L03,2011-10-21,2011-11-02
L03,2012-03-19,2012-05-23
L03,2012-05-26,2012-09-24
L03,2012-10-20,2013-01-31
L03,2013-02-21,2013-04-21
L04,2010-09-02,2010-11-07
L04,2011-02-09,2011-03-13
L04,2011-04-25,2011-07-26
L04,2011-09-06,2011-11-02
L04,2012-05-26,2012-09-06
L04,2012-10-26,2012-11-23
L04,2012-12-19,2013-02-21
L04,2013-02-23,2013-04-09
L05,2010-09-02,2010-09-05
L05,2011-02-10,2011-07-30
L05,2011-09-06,2012-02-15
L05,2012-03-20,2012-05-17
L05,2012-05-26,2012-08-14
L05,2012-08-16,2012-08-18
L05,2012-10-26,2012-12-13
L05,2012-12-19,2013-01-26
L05,2013-02-21,2013-04-09
L06,2010-09-02,2010-10-15
L06,2011-09-06,2012-03-03
L06,2012-03-20,2012-08-16
L06,2012-10-26,2013-04-17
L07,2010-09-02,2010-11-03
L07,2011-02-16,2011-07-31
L07,2011-09-06,2011-11-02
L07,2011-11-03,2012-03-22
L08,2010-09-02,2010-10-29
L08,2011-03-08,2011-07-31
L08,2011-09-06,2012-04-24
L08,2012-05-31,2012-06-25
L08,2012-08-13,2012-08-13
L09,2011-03-10,2011-05-06
L09,2011-09-15,2011-12-25
L09,2012-08-13,2012-08-20
L09,2012-10-27,2012-11-02
L09,2013-01-05,2013-01-10
L10,2010-09-19,2010-10-26
L10,2011-03-22,2011-08-04
L10,2011-09-15,2012-05-31
L10,2012-06-11,2013-02-27
L10,2013-02-28,2013-04-05
L11,2011-09-17,2012-01-13
L11,2012-03-24,2012-06-24
L11,2012-08-13,2012-08-13
L11,2012-10-29,2012-12-22
L12,2010-09-09,2010-10-12
L12,2011-02-18,2011-04-01
L13,2010-09-19,2010-11-03
L13,2012-05-02,2012-12-26
L13,2013-02-01,2013-04-04
M02,2012-05-01,2013-01-24
M02,2013-02-07,2013-04-09
M03,2011-09-06,2011-11-02
M03,2012-03-19,2012-07-08
M03,2012-08-11,2012-08-22
M03,2012-10-20,2012-12-11
M03,2012-12-16,2013-03-05
M04,2010-09-11,2010-11-07
M04,2011-02-28,2011-04-11
M04,2011-04-27,2011-07-26
M04,2011-09-06,2011-11-02
M04,2012-03-19,2012-10-21
M04,2012-12-16,2012-12-17
M05,2010-09-03,2010-11-07
M05,2011-02-10,2011-07-30
M05,2011-09-06,2011-11-14
M06,2011-02-10,2011-03-05
M06,2011-04-27,2011-07-30
M06,2011-09-06,2013-02-16
M07,2010-09-03,2010-09-16
M07,2011-03-07,2011-07-30
M07,2011-09-10,2011-11-02
M07,2012-01-08,2012-03-22
M07,2012-08-14,2012-10-22
M07,2012-10-26,2013-03-22
M08,2010-09-03,2010-09-16
M08,2011-03-08,2011-07-31
M08,2011-09-10,2013-04-24
M09,2010-09-04,2010-10-28
M09,2011-03-10,2011-08-05
M09,2011-11-23,2012-01-12
M09,2012-03-24,2012-05-18
M09,2012-05-31,2012-07-20
M09,2012-08-14,2012-08-15
M09,2012-10-27,2013-04-07
M10,2010-09-10,2010-11-05
M10,2011-03-22,2011-05-11
M10,2012-03-02,2012-03-06
M10,2012-06-11,2012-06-14
M10,2012-08-14,2012-09-14
M10,2012-10-27,2012-12-18
M10,2013-01-05,2013-03-01
M11,2010-09-19,2010-09-28
M11,2012-03-02,2012-04-12
M11,2012-05-02,2012-06-17
M11,2012-07-26,2012-09-08
M11,2012-09-21,2012-10-10
M11,2012-11-20,2012-12-05
M11,2013-02-02,2013-04-22
M12,2010-09-19,2010-09-26
M12,2011-02-18,2011-02-18
M12,2012-05-02,2012-05-20
M12,2012-07-26,2012-10-25
M12,2012-11-20,2012-12-11
M12,2013-02-02,2013-02-18
M13,2010-09-19,2010-10-09
M13,2011-02-18,2011-02-25
M13,2012-03-02,2012-07-10
M13,2012-07-26,2013-04-29
N02,2012-05-01,2013-03-14
N03,2011-09-06,2011-11-01
N03,2012-03-19,2012-05-23
N03,2012-05-26,2012-08-11
N03,2012-10-20,2012-12-29
N03,2013-02-21,2013-03-07
N04,2010-09-11,2010-11-07
N04,2011-02-10,2011-07-26
N04,2011-09-06,2011-11-02
N04,2012-03-19,2013-04-09
N05,2010-09-11,2010-09-25
N05,2011-02-28,2011-07-30
N05,2011-09-06,2011-11-03
N05,2012-01-04,2012-05-22
N05,2012-05-26,2013-04-17
N06,2010-09-03,2010-11-07
N06,2011-03-07,2011-06-09
N06,2011-06-14,2011-07-25
N06,2011-09-06,2012-10-26
N06,2012-12-19,2013-03-23
N07,2011-09-10,2011-11-11
N08,2010-09-03,2010-11-08
N08,2011-03-08,2011-05-29
N08,2011-06-16,2011-07-31
N08,2011-09-10,2013-03-21
N09,2011-03-10,2011-08-05
N09,2011-09-25,2011-11-24
N09,2012-01-12,2012-09-17
N09,2012-10-26,2013-04-24
N10,2010-09-10,2010-10-14
N10,2010-10-18,2010-11-04
N10,2011-02-18,2011-05-08
N10,2012-03-02,2012-05-26
N10,2012-06-11,2012-09-30
N10,2012-10-27,2012-12-15
N11,2010-09-19,2010-11-03
N11,2011-03-22,2011-06-11
N11,2012-03-02,2012-04-25
N11,2012-05-02,2012-06-03
N11,2012-07-26,2012-08-24
N11,2012-09-21,2013-01-27
N11,2013-02-02,2013-04-21
N12,2010-09-19,2010-09-28
N12,2012-03-02,2012-03-10
N12,2012-05-02,2012-09-24
N12,2012-11-20,2013-02-02
N13,2012-03-02,2012-03-12
N13,2012-07-26,2012-08-01
N13,2012-09-21,2012-12-26
N13,2013-02-01,2013-02-11
O03,2012-05-26,2012-05-26
O04,2011-09-06,2011-11-03
O04,2012-03-18,2012-03-30
O04,2012-05-25,2012-06-18
O04,2012-08-10,2012-08-25
O04,2012-10-19,2012-11-05
O04,2012-12-16,2012-12-24
O04,2013-02-23,2013-04-17
O05,2010-09-11,2010-09-25
O05,2011-02-10,2011-02-28
O05,2011-09-10,2011-10-20
O05,2013-02-26,2013-04-17
O06,2010-09-11,2010-11-08
O06,2011-03-07,2011-07-30
O06,2011-09-10,2012-08-06
O06,2012-08-16,2013-04-21
O07,2010-09-03,2010-09-26
O07,2011-02-17,2011-03-02
O07,2011-05-04,2011-07-05
O07,2011-09-10,2012-04-30
O07,2012-08-16,2013-02-28
O08,2010-09-04,2010-10-19
O08,2011-02-16,2011-04-28
O08,2011-05-04,2011-07-31
O08,2011-09-10,2012-01-08
O08,2012-07-20,2012-09-14
O08,2012-10-26,2013-04-21
O09,2011-03-10,2011-07-21
O09,2011-11-11,2012-01-12
O09,2012-02-24,2012-05-10
O09,2012-06-11,2013-02-06
O09,2013-03-28,2013-05-19
O10,2010-09-03,2010-10-14
O10,2011-03-10,2011-04-25
O10,2011-05-04,2011-08-05
O10,2011-09-17,2012-07-12
O10,2012-09-06,2013-04-21
O11,2010-09-03,2010-10-19
O11,2012-03-02,2012-03-04
O11,2012-05-04,2012-05-10
O11,2013-02-02,2013-02-06
O12,2011-02-18,2011-02-22
O12,2011-03-22,2011-05-18
O12,2012-03-02,2012-03-09
O12,2012-05-04,2012-05-30
O12,2012-07-26,2012-08-01
O12,2012-09-21,2012-09-27
O12,2012-11-20,2012-12-04
O12,2013-02-01,2013-03-07
O13,2012-03-02,2012-03-06
O13,2012-07-26,2012-08-29
O13,2012-09-21,2012-09-26
O13,2013-02-01,2013-02-26
P03,2012-05-26,2012-10-11
P03,2012-10-20,2012-12-01
P03,2012-12-16,2012-12-28
P03,2013-02-21,2013-04-09
P04,2011-09-06,2011-11-03
P04,2012-03-19,2013-02-19
P04,2013-02-21,2013-02-25
P05,2011-09-10,2011-12-14
P05,2012-08-11,2012-12-10
P05,2012-12-16,2013-04-17
P06,2010-09-11,2010-10-01
P06,2011-02-17,2011-07-30
P06,2011-09-10,2012-01-05
P07,2010-09-03,2010-11-08
P07,2011-02-16,2011-04-27
P07,2011-05-04,2011-07-30
P07,2011-09-10,2012-01-17
P07,2012-03-07,2013-03-21
P08,2010-09-03,2010-11-08
P08,2011-03-08,2011-04-04
P08,2011-09-10,2012-01-08
P08,2012-03-07,2013-02-23
P09,2010-09-20,2010-10-19
P09,2011-03-10,2011-07-23
P09,2011-09-17,2011-11-10
P09,2011-11-11,2012-01-09
P09,2012-03-07,2012-03-12
P10,2010-09-03,2010-11-09
P10,2011-02-18,2011-02-22
P10,2011-03-10,2011-06-16
P10,2011-09-17,2012-02-20
P10,2012-02-24,2012-04-13
P10,2012-05-03,2012-10-21
P10,2012-11-20,2012-11-21
P10,2013-02-03,2013-04-21
P11,2010-09-19,2010-10-19
P11,2011-02-18,2011-03-11
P11,2011-05-06,2011-08-07
P11,2012-05-04,2012-05-24
P12,2012-03-02,2012-04-28
P12,2012-05-04,2012-08-18
P12,2012-09-21,2012-10-05
P12,2012-11-20,2012-12-16
P12,2013-02-02,2013-02-13
P13,2011-03-22,2011-08-06
P13,2012-05-02,2013-03-21
Q04,2012-05-26,2012-09-02
Q04,2012-10-20,2013-01-03
Q04,2013-02-21,2013-03-13
Q05,2011-09-10,2011-11-08
Q05,2012-01-04,2012-09-28
Q05,2012-10-20,2013-02-13
Q05,2013-02-26,2013-04-17
Q06,2011-09-10,2012-03-20
Q07,2010-09-11,2010-11-08
Q07,2011-03-07,2011-08-05
Q07,2011-09-17,2012-12-20
Q07,2013-02-27,2013-04-17
Q08,2010-09-12,2010-11-09
Q08,2011-02-17,2011-08-05
Q08,2011-09-17,2012-06-30
Q08,2012-07-29,2013-02-11
Q08,2013-02-27,2013-03-22
Q09,2010-09-12,2010-10-19
Q09,2011-03-08,2011-08-05
Q09,2011-09-17,2012-02-04
Q09,2013-02-28,2013-03-08
Q10,2010-09-20,2010-11-09
Q10,2011-02-17,2011-05-04
Q10,2012-03-07,2012-05-05
Q10,2013-02-03,2013-04-21
Q11,2010-09-19,2010-11-09
Q11,2011-02-17,2011-03-09
Q11,2012-03-07,2012-12-07
Q12,2010-09-19,2010-10-18
Q12,2011-02-17,2011-02-19
Q12,2012-03-02,2012-03-09
Q12,2012-05-04,2012-10-09
Q12,2012-11-09,2012-11-15
Q12,2013-01-14,2013-01-20
Q13,2011-02-17,2011-02-24
Q13,2012-07-26,2012-08-07
Q13,2012-09-21,2012-10-01
Q13,2012-11-20,2012-11-30
R05,2013-02-26,2013-04-17
R06,2011-09-10,2012-05-19
R06,2012-06-10,2013-02-22
R06,2013-02-26,2013-04-17
R07,2010-09-11,2010-09-29
R07,2011-02-15,2011-04-25
R07,2011-05-04,2011-08-05
R07,2011-09-17,2011-11-07
R07,2012-03-07,2012-07-29
R07,2012-09-29,2012-10-02
R07,2012-12-03,2012-12-07
R07,2013-02-27,2013-02-27
R08,2010-09-11,2010-09-13
R08,2011-03-07,2011-07-29
R08,2011-09-17,2011-10-22
R08,2011-11-09,2011-11-29
R08,2012-01-07,2012-01-12
R08,2012-02-04,2012-02-11
R08,2012-05-03,2012-05-06
R08,2013-02-27,2013-04-17
R09,2010-09-12,2010-11-09
R09,2011-03-08,2011-07-07
R09,2011-09-17,2012-01-14
R09,2012-03-07,2012-04-14
R09,2013-02-28,2013-04-21
R10,2010-09-20,2010-11-09
R10,2012-03-07,2012-03-17
R11,2010-09-20,2010-11-09
R11,2012-03-07,2012-03-19
R12,2010-09-20,2010-11-08
R12,2013-02-03,2013-02-19
R13,2012-03-02,2012-03-18
R13,2012-07-26,2012-07-30
R13,2012-09-21,2012-09-22
R13,2013-02-02,2013-03-01
S07,2011-09-17,2012-01-07
S07,2012-03-07,2012-11-27
S07,2012-12-03,2013-04-17
S08,2010-09-11,2010-10-08
S08,2011-03-07,2011-07-03
S08,2011-09-17,2013-02-24
S08,2013-02-27,2013-04-17
S09,2010-09-12,2010-11-08
S09,2011-03-07,2011-06-10
S09,2011-09-17,2012-01-12
S09,2012-03-07,2013-04-21
S10,2010-09-12,2010-10-19
S10,2011-02-17,2011-03-07
S10,2011-05-05,2011-08-06
S10,2011-09-17,2012-07-29
S11,2010-09-20,2010-10-19
S11,2011-02-17,2011-02-28
S11,2011-03-10,2011-03-11
S11,2011-05-05,2011-05-14
S11,2011-09-17,2012-04-15
S11,2013-02-03,2013-04-16
S12,2010-09-20,2010-10-18
S12,2011-03-22,2011-08-06
S12,2012-02-07,2012-03-09
S12,2012-05-03,2012-05-12
S12,2013-02-03,2013-04-22
S13,2010-09-20,2010-10-18
S13,2011-02-17,2011-04-05
S13,2012-02-08,2012-04-06
S13,2012-05-02,2012-06-19
S13,2012-06-30,2012-07-01
S13,2012-09-04,2012-09-04
S13,2013-01-14,2013-01-17
S13,2013-02-27,2013-04-04
T08,2011-09-17,2012-01-07
T08,2012-03-07,2013-04-17
T09,2010-09-12,2010-10-19
T09,2011-02-17,2011-08-04
T09,2011-09-17,2012-01-07
T09,2012-03-07,2012-06-08
T09,2012-06-30,2013-01-12
T09,2013-01-16,2013-04-17
T10,2010-09-12,2010-11-08
T10,2011-03-08,2011-08-06
T10,2011-09-17,2012-01-12
T10,2012-02-24,2013-01-12
T10,2013-01-14,2013-04-11
T11,2010-09-20,2010-10-19
T11,2011-02-17,2011-08-06
T11,2012-02-25,2012-06-27
T11,2012-06-30,2012-12-12
T11,2013-01-14,2013-04-22
T12,2010-09-20,2010-10-17
T12,2011-02-17,2011-05-05
T12,2012-03-02,2013-04-22
T13,2010-09-12,2010-10-07
T13,2012-03-02,2012-04-09
T13,2012-05-02,2012-06-30
T13,2012-09-04,2012-09-12
T13,2012-11-09,2012-11-13
T13,2013-01-14,2013-01-18
T13,2013-02-27,2013-04-18
U09,2010-09-12,2010-10-19
U09,2011-03-07,2011-05-05
U09,2012-02-24,2013-04-17
U10,2011-03-08,2011-05-05
U10,2011-09-17,2013-04-18
U11,2010-09-12,2010-10-19
U11,2011-03-10,2011-04-04
U11,2011-05-05,2011-08-06
U11,2012-02-25,2012-03-27
U11,2012-04-07,2012-04-29
U11,2013-02-27,2013-04-18
U12,2010-09-20,2010-09-24
U12,2012-02-07,2012-04-06
U12,2012-04-07,2013-03-07
U13,2010-09-20,2010-10-17
U13,2011-02-17,2011-08-06
U13,2012-02-08,2012-06-30
U13,2012-09-04,2012-09-28
U13,2012-11-09,2012-11-12
U13,2013-01-14,2013-01-27
U13,2013-02-27,2013-03-17
V10,2010-09-12,2010-11-08
V10,2011-02-17,2011-05-04
V10,2011-05-05,2011-08-06
V10,2012-05-03,2012-09-04
V10,2012-09-22,2012-11-09
V10,2013-01-14,2013-03-10
V11,2011-02-17,2011-05-05
V12,2010-09-12,2010-09-15
V13,2010-09-13,2010-09-25
V13,2011-03-10,2011-06-18
